temperature,humidity,soil_moisture,air_quality,mist_required
19.36350297118406,32.959305018703375,28.31939786151342,67.2702994208898,1
33.767857660247905,57.93306631648507,27.28851593503999,79.66813971913723,1
28.299848545285126,81.10620851134857,73.43782063647257,25.046789879249896,0
24.966462104925917,71.25574204866928,27.46823398946543,62.48740996069989,1
13.900466011060914,76.45928035030148,29.03648082900417,57.17459831437487,1
13.899863008405067,66.11483566975022,63.15787836925746,83.28303767882711,0
11.452090304204987,68.45935951624966,41.481788971537796,90.60870604812605,0
31.654403644373378,79.44369560957236,64.36973898686269,1.2156771477386807,0
25.02787529358022,37.47676062014301,14.575631029506967,67.40199190587927,1
27.70181444490114,54.259747455019834,44.1299835571369,5.1835799119729025,0
10.51461235739506,35.484660927372154,12.352952012829785,54.88586650773559,0
34.247746304049855,89.13676055976529,14.385724241874817,28.76327290436782,1
30.811066020010543,86.08415377806293,73.45062173410876,30.67765995221412,0
15.308477766956905,22.759876795795414,19.74717597823166,35.29585034523566,1
14.545624180177516,69.3902620760982,47.2694477592652,62.12924490496101,0
14.585112746335845,84.7673822190966,38.77669218204946,33.40499656687692,0
17.60605607398844,32.64027415891334,34.31403283811899,73.26990505902803,1
23.11891079080595,59.756166138684065,72.98833419810907,40.45273855738697,0
20.798625466052894,84.08418083116293,11.527637774284266,6.835320030995861,1
17.28072850495105,22.37621850100592,56.46527803229124,78.37598424841073,1
25.296322368059485,68.8194187072788,77.43761039494854,28.5758324592706,0
13.487346516301045,40.81443051607855,49.211772842328934,43.276687959926264,1
17.303616213380455,84.70773367635712,75.57757234231643,68.54438832219016,0
19.159046082342293,87.97407716157575,13.658051550021664,33.2456157148712,1
21.4017496054259,86.09865423794038,39.31553233519129,5.658565614671563,0
29.62939903482534,53.194995166022466,28.21104536734358,37.39210470128136,1
14.991844553958995,80.34298556925194,61.157467548651084,94.44485826943034,0
22.85586096034029,79.11845789745493,78.69079633480726,64.17343972985582,0
24.810364221551062,42.337033127027894,27.957104371097348,67.1479148667207,1
11.161260317999943,78.02408319054742,55.79222210318521,63.22821536376399,0
25.18862129753596,22.59053443008448,23.86683429318181,19.899213895943678,1
14.263103092182288,61.738891493743715,49.57311782001269,41.833386410228016,0
11.626289824631987,36.100618610139215,42.47527406818353,75.09397983633183,1
33.722138431333335,28.439682004409516,78.0403730742076,10.137289755315916,1
34.14080082686398,25.38672411404464,52.59690908875266,27.785277608971228,1
30.209933702911528,68.74021431146979,34.46544604607732,27.631910846585363,0
17.61534422933427,43.791247463764634,17.986704942155335,43.2018927594506,1
12.441802850159597,70.73367400701329,20.58727801144542,98.0368740942185,1
27.105825662803923,24.574943855925966,25.772185096586455,6.750254668382194,1
21.003812343490033,42.07032364814272,27.56766629382086,51.870099438059505,1
13.05095587111947,57.7643904662736,69.54312404887965,17.936468201221047,0
22.379422752781757,75.35062153872744,49.28559517977674,97.06765454097442,0
10.85971302788046,42.312675205244894,46.63736379620565,11.33035047274642,1
32.73301005196955,63.81239635059064,18.033821030845225,40.36010023615913,1
16.469499540000424,82.0184423765331,70.20977853446044,73.78849848346061,0
26.56305710884955,63.11042317276132,60.59700122459386,70.45544280274453,0
17.792776902235275,36.30716323275436,14.73678533300011,42.272863689393226,1
23.00170052944527,21.70805470895766,59.548456806083806,34.652416795271826,1
23.66775698358199,80.90692117306509,48.04767521398522,39.76123785528706,0
14.621361388138176,21.4888587595271,15.720774202274477,26.42762631586393,1
34.239615694113965,81.22911708789397,42.08104490700595,20.53329387067998,0
29.378320584027865,57.02559938190484,43.92874009910329,48.303969755889,0
33.48747353910473,85.73473889590274,21.6042178114293,26.853375606760732,1
32.37068376069122,75.91482650415658,76.19887029001976,28.746166489725013,0
24.94749947027713,89.85538773733363,69.49827600364634,65.67560634745571,0
33.04685587557792,44.54982708161971,56.83156361303758,96.85373316998923,0
12.212312551297988,73.70318022517888,42.360689270042506,60.363720055937506,0
14.89957156047863,48.13516395264695,38.82358791091559,7.697946706496628,1
11.130682222763452,53.59129342127362,55.56814270056679,7.558361385406698,0
18.133258269081608,63.9253824252859,48.180230858483384,95.1423220845566,0
19.71693224223705,81.15739799304372,14.359117411731994,29.729079030733363,1
16.783725794347397,88.88584284395066,45.87518541392322,9.206698608247542,0
30.718437728798232,73.77913897051627,66.44825320629877,59.90445871503815,0
18.918833167339734,49.243674751713364,42.146791431787065,62.36487782902661,0
17.023362742184517,49.494990159394916,13.636960428798789,64.85048201186882,1
23.567402078956214,71.6307611112224,65.03947395688232,26.74020278575413,0
13.523105624369066,36.71440020378117,24.095464749518207,1.5110684214475034,1
30.054924518850992,27.733187919197626,28.103458442162715,96.50153694544719,1
11.86376609199427,44.82355103485436,21.529444740260715,25.089304569110247,1
34.672173415012935,40.10672941578572,33.115054541004824,67.60262880525475,1
29.306119232416435,40.741568431919305,62.97260539820445,70.66298698787095,1
14.96789203835431,36.35254257349369,46.35701016527561,61.00074170794857,1
10.13805292809006,22.94652327454533,24.34168919054988,31.290739421364822,1
30.386535711370854,21.251175431338968,71.44810547064286,27.109625376406576,1
27.67143359619043,89.14056728152221,71.57072984660704,59.76682827027031,0
28.225179201024684,49.94411936151036,70.94048975322048,86.60956336116915,0
29.281758667148644,46.90286530117771,26.71573479670775,94.67337289233956,1
11.85111629335226,67.57530978851489,41.58675409266917,10.590580440375764,0
18.961643213606813,35.27777215055449,78.94927592986126,15.482861259771985,1
12.896726488128243,86.49728287651577,64.04087334169932,94.47362587830797,0
31.577585646889837,75.04415100908864,11.901719485789187,73.65352283347926,1
25.58245317068895,26.258770161858166,14.564321388234443,88.29938248297731,1
18.27245062131623,49.230654304944984,42.475196376863295,20.263263413534315,0
11.588958757150591,81.53828152935154,73.64541441030921,58.758587110940184,0
17.774558042891556,86.13124156039872,47.709125856689994,70.11395944174737,0
18.12958305066868,52.718105787490884,44.846875562400314,68.01118854469726,0
28.240154458451602,62.93879724474954,17.38315899696414,40.81516908666981,1
25.93893678388033,31.692376226445266,55.974607330700586,1.5394891691308477,1
32.18031856440817,89.38180382958836,67.54722124201578,58.29260568042631,0
21.805373129048732,36.21701909684104,36.62940052552936,25.310153917960875,0
12.989856148457543,85.99122418945879,64.29282956477292,45.02542461428904,0
27.831119680574876,65.4752654294658,77.51336577305682,95.75810150838173,0
29.019626215422434,62.54157564152014,24.263652138938237,39.903531764243475,1
24.031929939237408,55.8881957711556,46.63307418363189,83.98016066644267,0
29.274179498864026,36.14688682024311,30.099657065920287,18.854060574925114,1
22.344889909109767,32.35696224038558,65.49980933236876,67.24604980250288,1
23.06832073454985,35.43403463491227,50.43153561168103,97.70069544389435,0
20.68852545896374,33.05067835009782,54.420769228521266,10.189310087293679,1
10.63547816860238,74.57091314967273,65.85399117311258,0.8319942227192012,0
12.69728567483261,44.508768141671105,37.71793308637184,43.35827926326144,0
10.785729642168356,24.048987359437746,74.05630478849302,9.26254830513672,1
25.91026028159451,87.83718410985679,47.3120207072298,74.83843496762313,0
17.858899526908168,81.8650119474398,21.05683759847436,91.45486638485589,1
22.71426727911757,84.94265982366491,58.71293827181617,43.402097270875885,0
32.689161848152324,89.64354758525047,65.52829453067781,25.871164215544095,0
16.232305728721872,32.17266744536411,32.173317394726865,43.44033190066098,1
20.259573075890742,47.736941323186116,70.0025479899127,72.3447817850001,0
28.888778463576216,73.07669329928639,73.43002783360365,0.9054161580370979,0
15.71995413729056,68.72144326376545,29.383314116446623,58.945398948469716,1
11.924497745719824,30.772713443789854,78.84650309006554,61.329168488737906,1
17.2437863228442,77.10831874934325,19.849806963413087,63.76882468959355,1
14.030532181350111,35.710840028566246,24.1410967881743,24.202207998087722,1
33.242441308564324,35.667233037583614,22.895738746661827,71.40527233781268,1
30.203009489110425,57.58820960253895,72.57927970055093,9.13914863317764,0
25.835093912760584,61.50579543891922,55.80047866274733,19.92703364668008,0
31.78651475469294,60.60603454864678,20.647299825559102,87.74700466544819,1
30.091801922477863,26.404078617842842,40.82263928578443,73.87231507265663,1
14.664251472150896,81.42226038412662,53.07086175488614,1.3745554011345251,0
32.313974962249446,38.592002981209426,15.84248594925683,24.83762603698002,1
23.48355604789127,29.06604448979629,71.76914578851371,21.440648299316457,1
30.186003879101563,82.2123655908284,66.25224748090747,27.080632803697256,0
32.40228249808733,86.89560487608274,45.36447415036468,24.755977027988642,0
17.950086874296595,80.34893320858154,77.69886306814193,6.252629574284574,0
12.751298113191918,76.66612523074147,39.24326854925698,45.894051659682034,0
15.698379063548542,65.86693864473152,78.88772233255484,73.27334747861651,0
20.677694715656408,58.56001594263975,56.754399916253895,60.67317247174364,0
30.45036914806233,26.08907319379871,54.426989127775904,67.28716685980798,1
31.518264581408587,48.59172491494891,21.616842670704948,8.114917853623915,1
10.173803263279767,46.08819619086198,71.73494308132507,95.14907101767872,0
22.768682564439143,38.182764863222836,39.92427815444306,83.84918338430248,0
20.435275078719474,70.63940795820095,21.356338404773552,80.50903184956627,1
15.552695261768257,54.711301455513954,10.882526398303133,82.29838050417675,1
12.99663418334207,25.673235113535355,49.18289785468678,93.27105081327613,1
18.4403792850907,35.41282413648679,46.91797354858734,54.42539661136977,1
33.572742597812976,67.8281134561717,60.3547535658411,20.02820178676259,0
18.080073300518883,25.329160164321014,72.31806371124614,61.678360785254114,0
22.969765543584153,79.5844839834138,15.558460925012067,74.2881493667939,1
27.575473972379445,54.660256890978204,61.20475432382536,73.79173933540254,0
19.09074005948235,53.64106041286536,23.118836086830754,52.14490241668801,1
34.29455206802402,61.46854492616623,70.07239372100148,6.845871933357806,0
34.06118237355278,77.72766761476043,67.33444597031593,37.11129384301278,0
16.294557395634104,44.34664455315351,47.85556284898811,92.07666084633573,1
22.431212647309636,67.46113067913444,59.716995903631805,58.4448909757426,0
17.521957745419243,59.601237479705375,32.00450792286239,53.83319432557134,0
17.12101235943669,38.69197891185949,42.98175292529702,26.885351438219352,1
10.92217368386332,81.50409904486105,67.51458283973301,36.84489199165789,0
25.23910834949742,75.81982151248496,42.148563802124976,89.53460891531692,0
22.56697558072154,66.09162842608978,35.04587857278092,66.64630475268358,0
11.286968781249733,79.54072103659693,44.59487130752099,78.73870267523328,0
16.966161605915286,80.71059406718616,67.97744767060529,45.434542306765515,0
32.70664714916634,69.58540837005243,33.46456331596109,63.024721945615795,0
15.98904726667431,78.59093298545704,22.163311519502066,24.838360874320752,0
13.622371802280577,68.82300231684985,59.84098142315465,70.54608302834863,0
22.236319006939077,67.60985402322103,67.81847488956572,42.76013337033373,0
34.641261352765014,63.3027964750629,17.044623496647333,44.25455148147456,1
16.05138178778751,72.69016476903488,26.79118789291613,64.93223245768817,0
26.803388685146963,31.102357370515158,19.938039283269575,93.62806214689266,1
29.04049038321794,81.66095314392498,34.35589881075167,6.400634660862092,0
15.940938599809993,81.02904694216625,41.52456852337889,82.47432373470076,0
28.20540871529649,22.04730981241914,62.417843587431456,29.238311041219312,1
19.194578317981332,77.80717253953338,55.580330941717186,44.391945450637785,0
25.807645764839485,29.020890723141164,53.46499972349018,2.1913328775008956,1
25.838242769022365,43.45831979813993,34.66624626267581,30.1046077834313,1
23.394367101868962,72.04557794041254,68.9013287159332,50.26312426301305,0
12.257244251360207,31.253192723381574,42.99010171787152,5.617607734743901,1
30.88256238973095,77.25769168833435,78.53734566106081,49.10957293831652,0
18.019501624293397,78.24939245704194,54.38994968070158,92.71106288584274,0
14.662962759996356,55.52274136325853,18.83853190951519,10.539321810780521,1
11.019378538869098,20.44701102017835,57.33242934528038,76.44407280755044,1
24.772323579706047,40.09266932224389,32.75728108021893,40.967105337599264,1
26.93910904605706,63.18488428630195,58.04290376802682,65.5173714524338,0
10.414695723196404,88.68303246191964,14.874880371368402,26.023659798522935,1
22.802326457482025,64.22694689116679,22.24170060231716,15.949226254135828,1
15.662394379948449,38.186250674491184,69.90160812340504,16.046261427122644,1
26.129319760236246,64.38039921697279,25.902568991646042,7.049194564314465,1
14.359160725124786,57.79897658010988,68.5928787670058,18.564670490124303,0
27.273443452561647,74.58917766058005,29.54932619180873,66.42193849889682,1
19.668383657513434,27.488644717887087,55.00173370410953,88.16906118435081,1
33.418249718418366,73.27195317514196,58.59054014568817,81.41256855911618,0
13.438023603649832,57.88866050732772,45.88583272015371,68.51343098744842,0
18.52665877625646,87.40944027012962,31.37174736877119,11.043186341110268,0
12.836838031014727,43.931051622708026,24.88510634597673,28.918744629594983,1
33.11734045696407,64.28353251937637,12.323254819369836,30.980687532246897,1
31.933483834524527,85.24196738570123,31.276248086850668,24.99569463976212,0
16.44854069287889,27.17568095934755,55.72139533718981,51.50056597097231,1
26.499601150854478,85.60599410655158,75.68133729139379,53.55538148796726,0
30.430555005030396,68.15200056105694,70.98431375841363,35.68859751711102,0
23.880020289986557,24.748594137362034,63.624534357471184,35.3789158736436,1
23.24126445890016,41.067449686277136,65.19131402773091,82.85555979060814,1
16.046307272511292,69.57204620516971,56.54894324331967,78.92928483196856,0
12.32756919514748,24.71454210281402,28.22008002962021,30.779583168074566,1
32.43039394883317,60.75193221233913,73.50365214940808,91.37884438732593,0
32.51045142908326,44.21181398670697,56.95126183340838,95.2815017002506,1
25.827536431831696,63.4640862437234,49.230844168630796,32.67425420300408,0
18.475744776217518,23.201942366875898,17.769262844943675,35.442494879305485,1
18.73023936531652,81.00757643066635,41.29388806644978,50.56341534219588,0
28.148891971755983,88.14422784241778,42.22507898413484,94.11208125336735,1
32.42775649881443,87.8214498699984,70.5194526665869,87.63194331423115,0
32.177160606627936,72.47562822200473,48.26537541314519,10.25679625835898,0
29.496888646440595,29.106036809144236,36.62803842792867,39.27307432714162,1
26.050791153857194,73.07842371503159,78.37602299574615,55.33711897497719,0
12.10349912487622,21.721084152116106,17.750441532842096,50.313247255154,1
14.040717852365344,21.548648607029808,39.578389981836125,19.38630679368927,1
32.463854713176985,42.652715340467886,12.94172726199837,85.88167711681547,1
25.160726491489747,54.205023328326604,61.79328845368512,67.69407829968374,0
10.229926290415742,73.92851924654553,74.26535865394054,83.79083748518036,0
12.536788571650803,67.83067636245536,29.60261306853426,85.87642793494722,1
26.587544227701397,51.21318944637238,70.08391737593846,74.83558536657398,0
10.126539596155467,39.15386663971661,30.455276132332845,43.92106012497173,1
14.020201285437466,89.79871501103977,73.75391131507406,61.054675501542455,0
23.718344734164653,49.83269115651811,62.77733325177488,16.036540611974313,0
27.29737994231733,51.59709170307728,66.34347437890071,67.36454174749078,0
26.299031487565014,31.453667483416844,11.260458892031815,17.925325573928074,1
15.606732736513994,75.63666841249506,77.39672499518181,69.39495905101568,0
27.8044805336884,68.55775580470421,60.86696944492263,22.959816075396866,0
15.931227187420003,35.45387289521322,31.332576677029333,11.755130015021997,1
18.134992453981695,25.76667319310899,68.05762654011929,16.52844901429574,0
28.662285127950604,67.63495114522992,29.706483889045096,0.1992135219070268,1
26.240822476180366,65.81578499967947,71.09276876962895,71.87396178535302,0
31.23058526235445,39.12816688987465,17.88062732883559,73.24010490583791,1
26.440322307508584,86.56044935752873,59.2580184222557,51.493334991325945,0
24.20771508338679,30.574052424663016,47.848893365143724,16.13628010553837,1
12.341869195702312,50.26343607298213,16.757412913680856,8.355433751068976,1
19.19289507648584,86.05311441173193,26.93256797811873,1.912896643728701,1
16.630059192043134,49.38091218482856,10.868282539412036,16.57481769652207,1
16.09974108447709,64.696816336486,42.81375758251541,89.08555349831467,0
34.325263868811135,47.831607857395596,31.088568253200027,24.153684170168177,0
19.82744311666901,39.1950641644069,51.885023900843116,35.42713272172156,1
32.30116387942783,88.87843535718798,30.806646539603204,10.534548448133318,0
25.778465649931572,48.65338044205301,30.99433780548893,22.236130474817028,0
29.87028258854121,82.58694425753941,62.02352391121224,51.922457078020514,0
22.5659273276298,36.09682241237603,13.369998518484742,60.775268309565256,1
24.422597115658977,34.91732928175583,73.2026496634391,24.535231416621105,1
22.312942345471598,22.179385801915796,69.6584712073827,5.773215922511721,1
14.881074694951113,65.61667777631195,56.746327825848454,39.10328691273987,1
28.06130288153763,45.796844060663275,51.5255099075169,23.420337092633414,0
17.019309061021396,80.50507748877459,72.46117486977565,21.955392322980195,0
10.607899160786346,53.124693468409,22.973112567010013,95.98628027134552,1
26.136807397679195,87.77353995403053,15.527841353358003,61.63004859257241,1
14.427766985176223,32.98678609921848,26.765711893667667,55.68784431720959,1
33.51146460882286,80.80362175689275,65.62047950901332,41.57751035233219,0
33.84821442506468,74.36177969542192,12.426918670853834,42.89443334301443,1
32.871609755511216,73.96452912508364,50.79647845584427,54.090500383808084,0
19.25396750638611,79.13482596818213,79.6806261333917,69.64298070361072,0
10.386415413221686,73.27167936600992,69.89872656862775,70.21460961818295,0
33.20796406469313,63.835422514199074,46.50119823305126,17.169390770544958,0
20.704603707932858,29.18714143776713,14.454863650064965,50.0112752076627,1
34.16637047609174,22.276832564387632,68.1961460069997,41.195809503410196,1
34.09049942723132,84.45934934709808,51.928495572404735,87.05269662693841,0
31.325236386684,63.16552201645166,18.04530979416968,63.14189212183764,1
17.36122230173964,75.75761036833234,16.570009937634936,53.25040664159818,1
19.62744321504813,53.706564605878505,73.67387736056148,11.539464217891737,0
31.278416787921422,28.211573227367616,56.844018405665494,60.56378893234115,1
17.923050128906944,28.763005454178533,68.05007595217289,11.720390568023342,1
14.237318667152312,67.989570106028,71.52852301975872,33.720657556575205,0
23.920031561458753,50.12141264296239,50.02406464338256,14.284196481433186,0
33.40386935401952,34.03673086902357,46.221244622852886,69.20736470243689,1
27.400744916874324,54.41161827190058,40.12991872246931,20.62521138361526,0
24.251529252234125,24.494625595259386,32.18626114537835,39.1859373188026,1
12.429412344269213,60.73799813400792,40.42171726010982,89.56747776187787,0
25.375180667479242,38.82953831045684,64.17157590111094,20.431638339897027,1
34.75134625260658,75.82913704460317,52.13464017105921,50.780506395877914,0
13.5021003809131,41.72533712465017,72.47663029683923,41.9271661166022,1
22.958241309093417,51.86541043572608,41.03660100654314,1.8124041045729733,0
31.934326798198885,20.813437793567044,52.49627051031278,79.27581135728128,1
28.51921544385511,25.071282145619122,54.19152871643921,6.904590631459973,1
27.4253935248817,47.47454894846794,51.41880136144279,47.42550209769536,0
27.56210209967773,53.595718430198644,59.18436411598614,56.06782949389499,0
18.98727878049388,62.00143836835126,26.62034278623644,62.842645661458704,1
17.339796106612333,40.416380509651226,45.86546442820534,68.86316293078755,1
30.23402888696284,68.64873202885798,17.295736196584336,25.327238352271507,1
30.25283486697952,80.20856780324432,36.91579293513688,0.9978776658449373,0
31.676807964502594,74.5895692225345,44.13669480348851,72.3443662354912,0
32.83101381391178,22.773317774385,55.65569816818307,53.56565993475786,1
22.783559971523445,53.63548630804802,76.53717368103425,83.61177032072487,0
22.53790736717999,27.34511248927224,52.04557465838491,82.13883629006943,1
29.95737947416938,36.943151110376924,62.051574132359185,84.33261677878832,1
26.24909826944413,89.06638152870025,45.43862416466419,48.50946599795402,0
27.549171931442583,29.974688003105925,54.38728219634319,33.362839583686565,1
29.894816735902527,54.922170741594925,14.96525512936414,79.155820259137,1
32.250133545439155,63.270901402268336,27.80741065892929,45.12941130292549,1
18.449878921288395,69.17254793808728,35.32971652435971,18.34421964034345,0
19.389573815998602,59.175407844083985,43.07453485045595,85.49740195614743,0
12.349548496021725,20.683959319342858,13.195412185166862,88.25598767723473,1
24.45700352490435,42.85229157707943,19.801686828732237,46.63097561401701,1
10.898556844918552,56.2398150369298,29.377001545391405,7.569972730978747,1
21.639950453311506,26.150654940138335,78.00728836307354,38.782608991693124,1
23.566115867689415,44.543885184642654,33.19429049721356,80.35376594626034,1
17.163531303207108,22.32421761539566,43.742874067845776,90.17740285462287,1
24.770831514225268,25.500494800851452,23.726839891687504,20.347274249759582,1
10.762506248476235,47.78462933411173,52.75460497530378,6.697361202527152,0
10.933704718730361,29.290102783014227,29.6478250861182,87.73504531328386,1
30.565014016491457,59.72785937830907,24.489480490689875,38.94049389788753,1
19.00476603528157,68.2625478396086,46.160083991218535,54.176096426756324,0
13.17651281629712,76.0410689376358,10.385405941229457,96.80658120507589,1
23.05608150137011,34.010517097136706,10.536482285445773,6.656472791422285,1
29.249838827465272,31.723780758134883,25.334816637130047,64.83180074520956,1
15.39552568742108,27.31974882340802,12.57049537505748,7.410542257486707,1
25.57226189547501,64.55011746805457,17.561802789148395,37.54689284665004,1
12.1336866248442,69.45330085408308,33.72024545371261,80.38145451934467,0
11.292043029215193,22.211030137794943,66.1809975705869,43.34722327556344,1
23.283865789203702,85.53485723705829,50.04340503585106,99.71823539029504,0
23.515878040252662,23.637989855603067,45.88674081694915,55.905928494660216,1
25.935747537455164,57.890743471074934,30.544217624568514,32.11621526359535,0
28.15228334306654,69.63423636156415,75.22276036029714,22.011132590475313,0
34.396301986563365,80.967838662226,37.79105288660342,35.05205342861618,0
22.907508707529885,69.98608524926995,16.096493675704004,37.25332737595508,1
18.073911823531148,76.12096581488544,53.19465612824609,6.8713677723960975,0
29.879654869217593,43.761513477996424,17.968687543362098,36.95741994267732,1
16.770806281551856,77.03775796225585,34.165619996118444,46.423851973922496,0
20.9742855176409,25.60803924692726,45.51883571024662,72.27377522388046,1
11.96140953355665,82.63716592423694,71.1955767279623,65.6729484721608,0
10.633768585386438,58.331466330761536,44.548260623808304,70.87656552291543,0
34.06621036694813,77.21084389737456,59.1581136222165,0.8363681876857099,0
30.899503012805145,51.66227991628101,79.49717872993493,21.766739958053606,0
27.399355152342448,65.05043866375675,19.204238392858713,66.16842883998565,1
20.223823610356746,56.84818626552792,29.231206786366364,48.398936817974715,1
14.332358001771144,71.21126652287323,37.62032529183524,0.5313475668345946,1
13.91092606677715,25.71409874214127,39.527972497718196,80.44946424318223,1
16.256072454114882,24.224645879339466,38.771475268588205,77.28095732903374,1
23.730666617653014,37.29722638071025,73.53277017895884,54.841916299356264,1
27.86489806750156,31.168127607923182,59.98228511267995,6.646332577627212,1
26.504934417943282,81.02484966145411,52.553364986349266,76.65150495325847,0
16.99834742364857,35.344979115063104,31.656090250394747,58.37135877313639,1
33.87163201657985,88.31056790733919,67.66532689549064,78.19599771579591,0
28.447422917394213,43.58270542397748,76.85423580394922,75.17469923958404,1
23.858851312785017,32.748254098208946,67.48387977851586,80.30020719578371,0
25.293018655858805,75.27889549997354,10.109557363403104,51.80080664046248,1
20.490001560694747,66.10954428506133,54.54809591283849,14.032451819351499,0
16.193274737528938,54.87370015171973,13.579476700947051,67.11574733796887,1
18.89931696628154,58.87544856563419,28.03250542336053,62.04737850519706,1
28.946152761609227,70.34412447905848,14.166729024344018,74.22531871990871,1
10.359837215743896,35.99183189319091,52.265681706457144,16.98810060507353,1
12.901816012672906,89.74337412397193,58.06129394448247,19.497519990028923,0
11.150066050543819,88.23552135027482,18.01413466461336,89.04095172193284,1
11.018220057974254,65.52279804428558,36.86872181314857,74.99777984520708,0
31.38651460027518,33.96797156504016,41.93655562688794,90.82284887003229,1
27.59144648450059,67.61597697019039,35.83371152326416,75.87153211639207,0
21.85434572718313,25.05388862854231,18.471750033963513,59.71553059903019,1
12.445854016275037,22.145675154406426,39.326345313123284,65.41327370278736,1
22.29039687792081,38.03780219578496,62.58246334658927,88.91279239400099,1
21.836794269514144,52.383606971752144,14.970536517327883,57.88067545119405,0
14.33004674775038,80.77907537858664,15.612600985733241,63.239132432838744,1
20.846291230949326,70.90183488364156,34.833990428518895,15.647671600360058,0
19.962618359934336,71.98945648399868,75.92079981332475,47.39212201161027,0
25.39625245130541,49.784533411365274,56.80008527060399,71.6397111958099,0
25.877341271691094,44.215449478287404,57.506896967079534,27.09426983163654,1
11.132600244301113,45.97271340892219,35.33439935865054,20.22541805245349,0
19.36531536566178,89.13546946152405,51.55625538459769,31.382680822441557,0
25.646497892855912,22.807643398873772,10.709182881942036,24.150062799283344,1
22.578406464502194,80.6922047285714,54.526723248667956,21.491263703639586,0
31.412246029708058,60.507278600067536,73.93008633033656,42.48508428680869,0
26.467340790473624,50.703079343271334,52.88014278413734,90.78385138835341,0
14.073360677035742,70.76803622905956,71.15890154264414,50.705964673871826,0
11.764218685010746,54.0668258997292,60.67811388262657,18.792038081532304,0
26.06048195515789,81.13962666571624,18.43908914825832,7.697166938087408,1
10.662782763540545,83.0491304807881,73.17173151000893,69.61561451379252,0
24.64438953183658,49.520464881141876,14.651069104904241,38.279876443638784,1
33.50575603562394,39.37794580645361,47.377723078343465,82.18309465853592,1
24.386854446896976,61.464523001535355,19.949598665542037,65.95107686407702,1
19.70424815516305,83.86543419316837,10.819462751163284,79.62414505413685,1
26.08220546105883,34.746353230396664,39.54239820893473,27.194603941844875,1
21.456322262287916,63.607660849443796,30.65284953579094,69.2358922461058,0
23.640419732898373,64.20921540647643,44.02003456583221,26.406198469371876,0
33.53662021941313,71.31791156906968,50.40399207141856,93.90684794502916,0
19.652565945019354,29.209737958908185,13.061735061626315,63.63742815333744,1
34.029764095597855,70.1077475277462,18.610230658662196,32.451180017534206,1
32.63376604890159,83.63227644659487,49.10496775152978,26.951186229227265,0
14.89477836973241,32.57781762091694,34.021714722086074,19.09265850716435,1
11.734032521879136,36.62803274467144,61.04214412846136,69.46409588937279,1
12.519450034435666,87.99765658291477,55.66041540143578,21.87156129979273,0
10.455545641288744,32.66838668966429,69.19230540929348,59.53032659274891,1
12.36107401889821,79.80695653587054,58.47449786684577,26.463502692535734,0
27.075169335408923,54.45944995136244,40.09517541731037,66.19689447938686,0
11.779716211505725,37.30617520822239,57.10766356761027,81.49397285405392,1
17.974390757344032,80.9524930890758,29.276682197879296,77.80252431446532,1
31.121882774236365,51.171367850186584,31.441944914474888,76.08513309307817,0
10.581798393395646,56.03721477507831,65.22896119445554,18.772240569225207,0
30.361712064723395,45.1463358579836,41.24936614811075,8.838494698451871,0
17.046369369334997,61.50655960044492,65.88662383628468,69.89488284873856,0
12.954120690541407,31.446671080951596,67.56956615677949,36.83472137943513,1
27.418429134103768,47.375707565623244,70.02936363628987,43.23462264033473,0
25.7235711694971,87.85886256347013,74.16446650888452,3.1149092793391064,0
31.936800338176322,38.06934028907892,40.16896543593074,25.95764492750492,1
28.376776095097146,65.97156651789045,32.32067728247972,3.3676403874464023,0
30.087023259621215,42.76330449572864,50.75391226158797,87.91857726012476,1
17.050864314282663,74.14311879806205,35.98206964063393,24.339668321853047,0
14.435988594493072,29.16115625028449,52.07519167601631,55.73371695730081,0
28.76536879102146,87.88747315549813,59.39101038506772,3.897932066113041,0
30.1708684816816,51.76526789685475,58.18835129444958,66.6847391305658,1
34.76262855001683,36.52353243425247,36.218702091408495,32.30273457540939,1
20.315441922785663,25.144772313100887,21.680214118912698,89.79191869576658,1
19.30045214481958,31.883053356127853,40.13705369235453,88.81181889340358,1
29.41032401854992,56.384176398921234,19.98159008573361,32.529061836174776,0
18.520088506325447,43.59022235019004,72.30679246286658,90.09608956904678,1
33.26893314008912,78.02183561178266,34.21142225165002,99.61576734987788,0
31.460318796075295,50.162126656326414,20.812182305632664,82.5415664123948,1
20.72485068437546,37.40999908113409,11.781343193402561,84.4871347755229,1
28.771776694787434,63.2001490622821,55.207567040053895,24.90087361090899,0
28.863571852117058,69.47440518198121,54.583162221832026,57.67023988577563,0
12.578096720898316,31.69293355306649,33.84229166069042,6.725591396736785,1
32.56382266698917,31.733345140182237,15.01983221933557,9.491793682166971,1
22.63130931119643,22.566999885348007,38.674022642666245,99.88926120332906,1
30.661436652693542,71.54814105459484,31.78522465443755,32.663924942591095,0
18.00124002576529,66.46631693352636,57.39844478145066,74.81839120488463,0
32.388080712405014,53.22416130248697,52.404547461688324,80.66650530268164,0
19.73004196835408,79.0919314278438,35.5215609738278,85.80232710072292,0
10.270941287007458,76.39691070650372,25.252478797849307,99.76282974021565,1
32.63454941048159,60.97480550777265,79.16251763089143,24.149648525686786,0
12.282166919653339,80.7789896359281,41.780113483728044,4.035082685969971,0
17.982840939760372,34.40888470257378,58.17919650461659,41.1191517994586,1
33.751549176270125,27.834373357840953,19.838707730485254,13.008066982894695,0
33.7651786734389,38.88247280618927,43.991278976157844,2.2425889162055124,1
24.335947203082153,23.99607992625204,11.927570390862584,36.04268271414861,1
25.795930304244983,57.18186696007224,45.381858253731494,78.37382510752364,0
21.211138049457993,85.5623984606473,77.48121849823916,56.61806912250709,0
17.330269292451614,22.754047846795675,36.89446990900602,31.277798921035405,1
18.2166136342479,28.547693980701876,12.72972088024381,65.43420054927196,0
26.81296140192596,51.653931979840465,12.166905364354047,23.20181803088107,1
28.809363235942,85.37125122695335,37.159073196280865,1.4381446072085025,0
29.789476093146213,42.13092734837254,21.20174555242358,76.43533864364274,1
29.740453569863845,55.50643660818747,11.634646742973015,62.374308486400906,1
12.280152576217258,22.910100133527447,62.93495297651238,76.23026245009599,1
22.360507617564537,30.38402406734622,42.096610621732346,3.893801668766561,1
11.438969000416106,89.06410860711928,30.247134038085818,83.71196278306522,0
23.73822205809339,87.55830875052318,73.00582281115365,61.95262000363033,0
21.038262534334425,20.345798665408672,18.12972721403679,56.33953507126401,1
32.19260456895749,86.62682497962673,76.91431802687235,62.46140481145316,0
18.77287531380197,64.73839564708503,31.977670216414698,86.4433246868364,0
12.926675410690146,80.75428061640154,72.18825706160769,58.69365065589071,0
13.574792051320896,51.83178989437013,52.20600135356231,58.095037988817936,0
29.037765792936806,56.09172200054752,67.86951518190412,99.06791570657658,0
25.455451582906527,54.21926061798441,78.8809214247325,75.6730167068568,0
12.528066903069757,66.6804980282273,30.1883806473122,44.22938054511353,0
12.102670152874936,29.775587832941902,77.2794839785315,70.73970000329277,1
27.524228286478,22.098151291087458,37.263732643169426,38.92304716917885,1
11.819075159104838,41.55509591138336,36.98583333158456,22.8875462483499,1
30.546501482258904,69.32765339156526,33.8270972978154,59.68518768877594,0
27.656055678912406,34.129741648606384,47.89853251433097,92.81820981139515,1
12.033719516047494,67.14027033274421,20.790153022494096,92.91395200154628,1
12.120942852129797,87.89384322750892,48.759803975060784,34.19052781054903,0
34.66598946252938,26.573050105259288,47.91933686870028,52.7677466221695,1
19.356769893903007,67.08214827575884,63.3331268823409,21.16358985698612,0
19.26605367667227,51.06251535131998,68.35549733563099,99.56311094988834,0
30.319989181437563,80.76995780642537,40.83089452186968,98.11179078679358,0
33.68121443459647,32.400485261317016,31.163327454604563,64.95089297074473,1
34.650026595571774,68.48381665583152,28.153442812196612,80.44140596774734,1
28.83445463147354,78.66807027536771,23.623668569341035,71.51001612837,1
19.406489638272895,86.12299536318163,14.035330753931742,59.31582190394682,1
12.08751791746672,67.82736198027521,33.97135851842994,5.3347996988897695,0
29.42867289818592,54.80223348058991,28.917338449154826,45.476434255266106,1
23.960106243395124,63.24930681408497,77.64921701064851,67.47863021674105,0
20.605550231174405,80.82334891351027,49.03961783750307,67.75316138836847,0
32.6588596273684,59.94268226471808,34.30939273213553,37.31226184223836,0
12.779937057653783,22.12709417877858,50.63273206955872,94.16919866580305,1
22.31562760727148,85.16640868548845,19.743769094198683,16.7357032236781,1
10.283841119185476,68.26687257220928,41.08306244415421,50.03594462155606,0
21.716516049853155,67.35593700440725,53.83640249947447,69.08839765508228,0
11.407581892045934,35.0972606678402,44.222848225471594,69.71358058918092,1
12.970447906701798,66.121982916286,38.12451604580269,64.86389567688155,0
12.938156169427621,47.570508395791094,79.56938722297888,27.528821345186017,0
26.230257552901588,65.58630839290444,71.62203335042489,15.620656868662197,0
28.651121981635583,27.461512121559352,53.63841707116081,63.594032682671084,1
24.58421912742899,66.04917132221252,49.85641528275979,59.930211613943776,0
34.05431371186354,89.95896080394665,53.44623358772088,17.935601028924097,0
19.3717644880926,23.374842720238924,24.091847547570328,70.51391455705634,1
17.142802157046518,88.4021928954922,37.659642028502304,45.51719917336564,0
31.714978204736507,48.48355725060094,12.762167302362952,66.7760591603153,1
15.589895962986315,80.95274152360814,43.28822262407787,83.73670797701507,0
34.08056348601528,74.76698388407914,48.011720877036424,16.972842857692317,0
10.30386186724541,59.69113826906675,25.942481527224672,1.9144867996836679,1
34.246970667690974,71.69144464759285,77.48201930158596,77.91025863957867,0
11.078997798764403,81.49608929109435,73.66182276560694,60.96974251526159,0
32.27857784245178,48.28982251557231,60.55002648191341,69.96395696221217,0
23.192527727157497,42.892321309426706,47.33706401357538,83.81549749886426,1
34.82411990298251,66.73153698945093,70.89784117533794,80.28109348245005,0
11.844914118384972,76.5492159358881,19.145664067642404,96.09201469288247,1
23.84635711003302,73.3599594343631,65.33568559924194,53.59350788521182,0
34.23256339047747,75.84695542010442,18.73745697767938,48.84956326599054,1
23.07744610425372,50.49083203690531,65.59474637845838,40.18871998907301,0
25.73496595338156,77.24839513225152,29.303729777594988,15.369104284420454,1
27.39371722461543,28.41463387594259,71.39634067127322,57.26072328820224,1
21.36352661919433,58.11423685725947,76.08294656777785,27.70125243259788,0
25.688952002101587,20.40310623486851,20.415717858358093,92.13075122129754,1
24.607857798077504,42.72100809301892,42.387292354577546,58.31908042770976,1
32.52895026227472,45.65230744099785,78.66911647138795,59.284018050811014,0
11.136159508536448,47.732088412647876,43.83852051812026,35.492466087701004,1
17.024079739805757,68.68270446829035,70.44832657601816,5.198935197770749,0
33.76028710191397,47.1990670889242,51.21120654919239,3.174376537298862,0
32.25659459727291,51.408553583577145,36.27309355437213,42.33351441531975,0
21.391418819642823,36.62808916120292,30.004848886810915,8.456537809723786,1
25.50331494503842,46.12762541405381,24.22561637602611,60.68469555401391,1
16.934529574528316,35.9088739084206,63.32587339643881,88.09730056396575,1
14.703028993094033,25.123714663791056,37.05783547761195,88.29148165187222,1
21.592460123499556,62.24140153669645,45.78928235405258,65.90454101322324,0
18.833805700651318,66.77489589885113,44.46278360008274,21.1231831472931,0
24.5914027962718,63.36432422067301,50.409532046319185,86.29968313588721,0
11.94336592412462,52.44458306604007,70.59040019371866,88.60934353132082,0
34.35987019165417,46.585004612546086,78.65175405084005,19.66535849529587,0
34.65526861199007,80.43335547002776,38.53089460016719,73.74260857706773,0
27.45404285049363,56.33572495953526,67.92632454744121,28.651954892712293,0
23.40240915860301,53.54273143408117,63.51694562583024,80.26403123529296,0
17.738190407158193,21.7949446064505,50.147026601890126,99.72378999036027,1
30.344875492673715,43.887347933830945,76.92330005283532,3.0026005329392813,0
27.118279313846983,46.613693315009996,24.033216086988197,89.73658657909318,1
14.065423483622283,47.91759466278303,17.6484947216735,62.26305335986581,1
32.77317961234606,60.61206584591326,69.77733768687955,97.33826191648211,0
30.563431073079226,57.352178270881495,40.74048716436238,46.50095175264276,1
33.7449978322981,62.553356495541124,69.28781979449423,84.73879305713737,0
28.142987709709,73.54182830794898,72.51631436367904,6.239406859827723,0
25.33537989839475,76.90900171012655,14.372031553335,33.527905007829574,1
20.456075907265472,70.2686153358546,71.84253340902424,6.701653775120997,0
33.31821208385033,86.88665871684543,41.38233387585955,97.53431334790706,0
31.65159723751021,21.276280787345314,45.73027423029625,81.69739072718367,1
11.130466752654735,33.70445899784823,53.86147577652471,85.25474212459704,1
10.6591743624313,20.52940124846995,74.84678247110607,93.79652314338942,1
19.41158417195124,65.32322999082221,11.338126610083481,8.510348611978536,1
30.263833269545824,82.86213842649909,43.3790427822472,38.55975925133334,0
34.68190323287361,37.043760760340945,58.14054297013925,7.103488904400212,1
13.760422277588205,84.89241813574147,60.589487038875994,21.07931015500286,1
24.853267883803376,24.21871732026926,58.477270207597556,22.936577703767234,1
19.52227141577554,85.410521876386,19.41045905856853,46.91072110475787,1
34.24785994536508,44.61358810677441,30.957691186017687,26.856216745364257,1
31.052973078392718,27.099457991445156,35.110086779190944,10.09781068177611,1
30.958217617778445,54.01102314304279,66.31060453756535,16.749108909410772,0
21.717328994874258,37.97435974043556,29.51319106901871,14.727556355209092,1
20.37048755844163,39.94110313733459,24.749347470704222,97.30767979122983,1
16.835176798267657,41.51029754484006,77.02136133266673,75.92925069184736,1
11.409387416273178,76.21181284828644,10.620429957942823,96.7761465269562,1
31.61805940637633,57.74128936726781,79.84745989773847,43.974048650790856,0
30.32252522825194,41.791538940920255,57.37749092001769,27.83684816626566,1
34.992941832153264,62.723364831764286,67.9928509614382,79.82931972091866,0
34.91592092684763,70.13054719562355,30.623357744233523,32.62539180411468,0
23.885792640065688,39.083680051347365,11.002069436694198,29.93833737053483,1
29.224685379512763,48.948437106774605,61.650866299307104,23.25059922078312,0
33.619143247060705,28.53202653358633,68.3901217900473,12.967897822423534,1
31.241184766935287,32.68045446742762,61.83332923674634,25.646306101676597,1
16.18370254357994,67.6782497775488,19.9995201110587,35.53197484738877,1
21.263603382752336,32.70068433869389,62.739954557987836,67.39942081457303,1
13.228985378787375,56.76143685669421,63.82459474753487,6.256484221945158,0
33.85127568146806,69.63323832057029,56.09783609690384,21.050693966534297,0
25.154365861272,27.48138461663207,63.62811529569103,80.90236402916764,1
15.716070137586568,59.71185537402325,69.21450077744126,14.692192358377076,0
26.792517110146417,37.95939485909547,52.95228799662209,34.26451465225215,1
25.453206011447396,87.40488126663058,16.202329977877532,86.46589218581401,1
18.954067950821013,53.84819527039473,44.13394667670476,15.492531114344265,0
12.838939804990726,76.41947848426108,15.435453427012355,8.27368356181899,0
26.78932988981999,58.515857950938326,38.52801217227016,48.45379950800108,0
23.00769252259483,23.038877299837342,38.497454238793935,30.24195112785364,1
29.30795979339098,64.32059629158157,14.62068908981691,56.34083644838541,1
23.004087527799832,86.598233954466,34.41743737786355,80.38048904834751,0
31.304537507963502,62.112827410243185,17.769866915392036,13.714848815274316,0
23.797670969362137,77.34322015987532,66.57646470064554,58.0699084554285,0
24.023449288384654,81.89445243438854,76.33816181751295,50.550876038986395,0
31.916340066458627,35.96558403642527,15.062153268055702,14.407878601319958,1
20.087071655309927,34.84313879357586,76.8580645104191,62.39984855289824,1
13.350380711266018,62.76866921956942,46.58036195357216,27.364041786077166,0
10.719566907833475,48.771992886469334,30.969597456771172,48.78343185440125,0
28.878431391840476,78.79029120067042,15.380345269331446,8.227232427706188,1
25.507738783836615,83.00161863786079,45.043698764929246,45.958405721362304,0
27.60199420248059,44.73949655119027,65.61608811435241,30.646346804282032,1
15.324104037722769,36.58093912821374,59.49605340866887,82.23812111853543,1
13.409286889669243,74.63678606707032,13.515820802478164,5.697872699736828,1
10.363616641697048,39.23642248836953,15.103128475753245,41.860727491832996,0
18.764688970164926,77.58300229595748,38.201129784284596,45.8431424131438,0
24.74794217136583,49.66167775541339,30.67033458335603,72.50060762991187,0
19.806101127493307,66.72849295040294,26.26690261392335,57.428757509021096,1
20.936873050593228,26.68747196842677,29.67031492360995,66.72123371941811,1
32.60396736234371,63.67015272736011,66.24379203078192,77.7049285651756,0
18.706386675582507,51.62373751160604,75.04596375422977,86.22029736581888,0
22.84973722899527,61.06259242228319,38.35718861692965,31.38754967224705,0
29.591325318528575,31.760994542140438,73.42777014927479,53.802270536390296,1
19.913569558031753,71.58116214609275,32.50469908735174,84.01080784391999,0
25.552167505696836,80.39579542802599,43.350589044065416,98.94511309650565,0
31.55909271866863,35.171786006354296,25.82202984711998,88.95193110437631,1
33.738015591441055,26.70001888641132,54.833322952309075,37.14672626243768,1
13.676837023225948,21.654701023243547,78.52867806223662,19.516651721865042,1
33.16469062903736,64.93800503102862,52.244516723036504,48.93925374065887,0
22.302907326988453,62.49658252621465,35.04698588794842,74.16414518360422,0
16.45610970747396,58.2688188899849,55.34722121933699,49.25690707532976,0
21.478393905956533,36.236296728118276,18.60444749257713,48.31808633136685,1
34.50081438213692,47.36341971338602,72.2061356185779,83.82304210818006,0
22.31545234982174,61.613343463032116,45.21587655458855,36.14037790671863,0
18.218790257187706,54.773680120141854,41.45448194277495,85.97946748116456,0
25.835021357918144,89.14498641504211,51.01053519174634,40.680480095172356,0
16.003640469454826,29.55078267897132,53.73487039525817,32.82331056783394,1
11.896583202716599,68.66011878333157,15.024306435855912,45.3989911199699,1
13.22199304776623,48.30231376730045,57.78320548563817,76.24469586748684,0
13.20114597394431,49.973973044793034,26.93521762208707,12.600202786399429,1
13.797567337807358,70.23184359607234,59.97668427546129,19.64192158720174,0
13.470679316235254,68.47053059270587,67.57743560689377,95.1444825663092,0
26.021868620080365,89.38791955915318,66.27709552867643,17.54916273813574,0
14.54700210997862,28.987600261788767,48.67506771855224,56.77273179310546,1
18.64168208309658,27.287675456891645,46.41189246175258,57.931446666193786,1
32.4197102476503,70.70371719901189,20.00131729375882,48.96244620502448,1
21.84904100657181,60.487084190448634,64.27423052821949,64.47452485768186,0
26.68894346302568,39.19124665918641,28.998656631270006,22.982672579761843,1
14.307996780040746,25.559355829229062,44.76867959725626,55.266226777674824,1
14.80722547021677,25.996077471750137,29.89918650492617,37.21732552468971,1
11.021715406661972,82.59336122648827,19.36798540997852,66.1667259629189,1
14.223376576804114,33.430712730312,54.06903878242156,14.122354337314945,1
16.964758475798966,42.63600934808645,13.803242437603268,57.08774168394763,1
14.42526210691867,35.86594815588916,62.405166388834,18.52703553833237,1
12.21756334392639,44.849741408235616,32.231075668278166,27.86430631150364,1
13.015896777515021,24.859668992226535,10.009428510313972,21.87098003235832,1
21.519469200818143,56.334185363578925,45.77903974660609,18.28377798688171,0
15.158342960144813,24.73287945145504,13.279633596932218,82.5710951560667,1
19.10674652620189,76.02495554756531,29.331869047462963,28.570756766089033,1
22.58543177137142,36.35984573373031,59.48835412190013,92.71237818644494,1
27.25987071573413,57.80083402231574,14.38827351353061,96.99265253451908,1
10.982803496027474,81.60553612930208,68.75369446492016,57.126046993709735,0
29.985259972726066,65.56141583330358,10.267394586100817,14.30011226657264,1
25.697509737272696,57.307045058593474,27.27767084413316,37.45482433795813,1
12.043975798721798,42.70336271807629,61.863283930645004,79.7732263348214,1
31.83946560266943,43.31013391407386,32.138910481051475,36.739072869707044,1
33.02181001329533,66.86408686387331,17.132467164620948,8.701721830278874,1
11.526948996371594,89.58975528548173,35.216374316029956,55.678491092818795,0
16.921941203680092,66.3287432894565,28.927530046916786,84.51208514960348,1
30.155031994826533,59.044839215901746,68.98983315123884,79.59263871435024,0
28.70649225959146,71.14553571674722,31.934354230960018,17.512314013035322,0
14.613025483909432,52.56439285986027,65.2252730243205,67.27646144124667,0
15.233733083417757,24.209963982054965,72.43105013675142,22.05042634356471,1
19.26180256978455,59.360777111453686,40.36721937035706,21.820753455217222,0
22.113074629775532,87.03376991537661,73.69602006980745,87.40717733051852,0
25.4563692882574,32.271205965036174,36.4122637774235,24.966895274023017,1
19.22284098924431,68.3003423574466,77.48548915430757,26.32473465180112,0
21.563367903328697,34.06535820613395,16.250266716790104,0.06533907612995549,1
28.686773453343914,57.50793791311569,58.091348655226994,87.06690341255177,0
10.917080072264948,26.767351475270374,44.56698283198501,79.25948132091347,1
16.31092360860052,51.52596553807296,37.1354163818953,62.7328935090678,0
27.83373964711381,72.93143302266722,54.28983151240207,75.02657639388423,0
32.38017094217999,44.330006696728745,59.26999641440318,15.20485674244918,1
22.791936052891653,66.54382071410527,10.305428875521637,45.832359458757544,1
23.30283713163289,75.68149725528104,21.68671621230391,35.121938734878086,1
12.6793002834944,84.90244736356169,59.91322354440231,9.37765262570165,0
21.185309170586365,36.42494572988175,56.646978950474455,48.61304852149241,1
23.315431661375577,47.95211410665157,77.62332535900741,92.07396503426354,0
16.06176259086824,30.66912093312922,63.27264531755481,4.005911905069448,1
16.731080773734526,89.47384515108627,76.55408954119366,29.14609134937939,0
19.432104077615566,84.89006775470067,59.177835107436486,20.754093620570345,0
10.50177994444316,57.79699911963917,30.86365460476102,23.81466536656963,0
18.05197913957946,78.94233060634949,17.375544557559955,90.84345518793752,1
15.286200174913617,56.467058409042956,64.7276704341455,46.806905423429015,0
18.187433804447867,63.65099816019318,55.090445503314115,46.62994129398188,0
12.99405329548128,26.238710248121162,13.373020867530736,76.05756424552823,1
32.263182018497375,72.86892943477656,35.20353261306848,15.44922040049258,0
24.839811338851217,28.93994385446644,76.97598708390004,48.72653541000508,1
26.97755797861224,77.824734117677,45.02808019971408,42.99852141210597,0
29.729280965183456,74.741966136927,40.291039521379325,59.69106905466561,0
22.46105497322643,69.61212884200836,42.03897236115058,99.95577032504386,0
12.173007202185593,22.531226636733347,24.62179068036146,76.9448894082047,1
23.427663545463695,41.218984916173,35.80950196053567,39.78657030174272,1
24.671027950521978,38.417879893759,35.88692791910236,82.75530522740469,1
28.635986854608248,45.20954852300633,13.664851413123067,17.070836331248017,1
20.791488655741986,26.134992273468697,63.72973399625428,3.0463686308960125,1
13.189507569889095,85.5870476121744,39.15531023327153,20.444837246427305,0
17.09439764496811,58.76615684986634,67.55259207714963,34.041155611425964,0
19.077057409965878,41.38670174606165,69.52436007839268,51.05807574595599,1
26.147931033290032,47.788706195199836,24.839583828906065,61.51291405411998,1
24.269457616722796,51.30417783533849,56.014743751909,91.06057172144217,0
18.902418147446156,62.04160333524321,43.05972629140872,50.98540095504577,0
34.66288121982449,56.09755993875484,71.61097165450396,50.127564462572934,0
25.14437048392218,84.35743812500921,25.101847542351788,5.024300982298213,1
15.930669793399861,54.78744380340812,57.4469240217031,3.491155265622381,0
12.544561815510093,89.45106103763189,52.54264855769058,55.11599619163721,0
13.8214784796083,79.59974704215671,30.671103430028296,43.81786132483445,0
16.148943209612703,34.59573600501351,19.562063255582082,83.91803949802986,1
14.017034331488892,85.14166502507413,55.61478323340936,16.067958471184518,0
14.664175601282643,28.145647851983327,61.701822069263144,2.49716621170496,1
17.127379217346178,77.22147959438341,32.0939140634345,44.903876793012586,0
14.33433988236887,46.6436305433606,55.13828228156196,23.74785567522575,0
32.41913561566063,81.45820243115486,37.65916353280523,4.961437333883745,0
12.005843641541055,80.76396830752152,59.92448182978324,72.4598286847629,0
23.112784739256366,76.41477800823348,23.945069242583717,11.159299995724748,1
20.259920674741537,75.3021305414943,72.3150501845322,60.83195000077717,0
34.559465422715164,41.32753973686285,30.118671752590583,28.104975016688915,1
12.800972554201309,25.664349813587652,35.7450191429307,17.3496050355022,0
19.946389976143543,48.208612513561306,14.066436645624485,37.97515229193175,1
34.236760831884226,32.146716049055605,17.805854862489348,80.14457762229537,1
31.637678147349508,68.64657622317232,46.11033318986297,39.20935769045727,0
30.426801773732,44.22698085764499,28.731487370958003,75.07696492110557,1
16.447570676123497,88.29271406019404,68.4836158019536,12.548629679915068,0
14.272189684751645,64.86804541417324,11.028537205846769,77.27714196650791,1
26.716080498110774,77.57363945440527,36.536583407035536,23.693332490664865,0
33.23439972818964,29.276727091929388,33.61418827383649,67.73931298888728,1
23.919072325348246,80.34101375908358,11.352934164232073,56.57815548409963,1
24.290317236747498,84.59300333593761,18.705787930035715,92.91447172116874,1
16.999477341507102,54.09433431732551,38.95498724430447,38.732251797531404,1
29.23732332979842,62.43770564256842,44.50052091132127,6.616518883444044,0
14.676093713938084,73.53668606320969,38.30028230784084,1.9155485551252904,0
18.09198091010609,32.23870390822888,47.16563748884657,82.6858560972753,1
20.635910965410417,55.17962535244097,51.659217243397705,52.473563766143215,0
22.690259467111375,47.906411944061915,10.694667478948494,77.52440518349492,1
16.060243310377004,30.24617945135744,42.486661161745275,23.44256000115147,1
12.870920618480088,45.727409560407196,77.44494686213118,34.50837455132337,0
25.265501061040816,24.772061656984548,46.33225960906841,3.010387221131894,1
17.215763831006395,21.80683348646409,57.427958722126725,96.14923245741122,1
24.530955535565305,29.461640240837593,31.830470054181824,66.78679067008134,1
13.859067881855058,87.41805781124216,64.17939647069338,93.32050877593062,0
22.028502546370436,58.467067512651184,64.10450373132807,26.549640742907233,0
23.314735813789646,87.6075512807254,46.490723335789724,61.146361122566084,0
11.295588420560673,50.27485148310924,78.32096762954495,67.84999682926379,0
18.415106954848014,41.82712931596817,18.788515033385735,31.754970025758844,1
13.360366923474356,55.429930398817085,11.18633654227067,84.81092350156301,1
11.584374261819194,50.76581820430371,63.91107482299672,94.71614629002478,0
34.74900580974863,27.396527898322073,66.50088761554179,88.48551176960044,1
18.058846124368074,64.85784202831444,18.414506038440337,73.90669759393725,1
30.246861146365873,35.12267277567197,28.590798307102425,27.746467972495402,1
16.366016369094098,63.37115684284807,11.228665435664023,28.161604210563173,1
27.037568055598232,65.51407646787074,30.53160275463953,96.3360320446038,0
29.005696497242162,30.64173971900537,64.119931174307,1.0284495935692028,1
24.890968515196107,24.29447389774677,46.25723693988053,71.60499732421445,1
21.78940471375396,74.65331102479078,34.36669152178017,70.62461625552622,0
20.296022853681713,52.18602966385241,36.02175064344312,62.26895409497975,0
18.721706663574885,24.071465685383306,10.09475380008277,99.01088460868658,1
33.23822860619565,89.6406422018837,30.986036929566513,31.187943576372522,0
30.765485194693227,24.044639269745666,55.25211191465513,33.997186379324816,1
34.12567276666282,68.65246602009873,78.193611067145,7.893940294655555,0
13.107430587138618,88.85752476843895,69.29425788887296,44.27981365437375,0
28.271686880091107,36.742607295114794,11.65164752518704,26.10485262348481,1
33.458511420525944,29.95745580810373,72.89924232723875,34.338670217764424,1
14.530826654141503,28.496945759570025,64.82388893090382,83.45717902556277,1
11.662406684169436,41.22926032973169,64.62632864996863,93.54845135274957,1
28.528016232251478,27.07320677074527,42.05970313025,18.573307200518563,1
24.3618278294978,68.45129391858924,37.8603705068152,37.25089315534659,0
31.0457194189568,24.36042586910439,31.204101018323485,92.8630562115394,0
13.494309415657238,55.65954897048528,14.598640126805604,6.180846068922263,1
29.881682796497255,89.76877976970837,25.976475444558936,9.236052811137851,1
15.040683001193614,76.97791886542132,27.262254448461725,16.279098920622936,1
14.091398571642612,63.06536067617076,43.88539487971411,59.521283412687474,0
14.106644948274823,41.43775345506282,62.32110846176858,15.047227100599747,1
30.364368005784552,63.672708540414696,43.166687987856264,96.80763814507335,0
26.629930517405004,56.89290247381562,14.049111461301242,44.671452725852035,1
23.076635619227982,49.82583687232601,77.04528606917427,50.15179603501664,0
18.970762103087562,29.149726371813962,75.99070233658786,24.66586158054065,1
31.930013520327705,82.06229506683266,64.9632680203886,47.09602524347335,0
19.811127685565886,51.484925417492576,79.39295310949544,66.19136326370115,0
30.41498598678943,33.62357582745356,48.113763296018405,75.11771369540428,1
20.97837271425546,45.74315456141027,77.39378451772443,75.3868082709913,0
19.423610735622688,48.989082677024896,15.292352843172555,57.789111269408835,1
21.56699464174016,77.9276526896812,35.59765237829599,90.43597749938573,0
17.534446854103553,71.35300663929814,25.776688760473608,81.74078473061094,1
28.690234504406277,73.85134255489379,23.708315889398904,75.70481146986255,0
22.56800975231198,20.772188510005304,19.856206422487325,5.560552168046062,1
15.805317378670432,49.130779872583304,53.56895490961976,0.6877962219649314,0
32.48936433186421,53.69409061447266,64.69252990231135,21.244727719547296,0
19.597280534330284,21.343459377613968,50.480887959425246,66.35235939134523,1
23.588821527849717,38.186924612152396,20.28738967117468,41.119748888254584,0
32.661802774113674,73.22028761854945,66.77866389534296,40.24062592993117,0
25.605949897849804,29.597679401029936,54.516829501461,88.45868882296138,1
12.922451017709102,57.47170920168141,37.171599428889685,89.55628481318388,0
33.49580309033688,35.06413104120662,57.18912068752441,90.91752640535857,1
25.692701326785446,20.84845422507253,28.193348546998298,31.38780765150273,1
18.372640366427152,36.8841020319679,34.16345459459474,69.10558127392618,1
13.481801816584682,88.31116284370377,74.22400901923932,27.163318127436963,0
29.8506297317574,76.10759783180927,30.335315396999427,19.060983307444978,0
25.50181889821284,87.17036510247233,42.89917877105556,18.463245734736923,1
23.33652729940804,54.149783074845374,72.30987961772102,34.2107620863594,0
32.347314576273945,27.681533907425244,59.54049451872692,42.99576197798217,1
29.71493028061327,58.35716422815851,14.354225831529192,83.09491710550684,1
13.791871993318779,51.80641341919726,20.311213099527926,11.98910934727121,1
17.793051694888707,79.10499579177312,10.548911354034177,73.49258473948942,1
16.212228495361643,26.865780654897122,54.164525316041434,53.14549141893053,1
28.598657314316924,54.176879591524475,41.33713977872928,28.794534267599246,0
10.838310868394485,30.5034065285789,19.399239563159288,49.281958453282456,1
24.24724212178291,42.7273148823042,77.05538847397393,29.994206977702266,1
29.061467143517262,71.61499541714598,47.076180676193395,59.608195523830595,0
31.919140919043738,53.32126905581366,26.932530587902242,43.38439228552442,1
18.55204371789769,46.31217996020385,45.04224998082953,16.440552907887874,0
30.53143261680032,47.61333949990247,57.573423291457544,11.658307455569672,0
12.765793423880181,52.16127378841907,15.336745258149513,54.66956820721302,0
31.161307293362956,74.95115806859398,29.229267053352437,90.24130332861034,1
13.18721655829956,82.4459282258164,66.48758436187956,34.395768655768556,0
19.93218226400918,86.87342805527499,42.176540928186284,73.30001072226231,0
29.93238414448884,75.08323703787066,48.26039994226064,65.8661354939767,0
13.747935683719344,42.07848270236089,40.29712015466285,93.1554914309481,1
15.731284880816037,68.16942942605795,13.072995985010358,82.09810172991409,0
28.056314209826656,50.63221868387743,21.602484587410913,56.660525890546296,1
28.00091341365186,37.82694354322358,41.187914711932365,65.70304982341074,1
26.028690822132432,78.86101055981459,24.64298257855495,89.83864665840349,1
27.3487111116775,22.68984442736275,13.498532006177513,39.95187845869348,1
23.568111083689907,83.12333944947964,69.05547648362767,32.679470585777736,0
16.294976472673817,52.30342252373139,78.6834770414881,1.081108363519634,0
18.642399837597985,64.60410337657963,65.52000117977175,82.65510741914642,0
14.539942920035642,66.15477455440478,69.76494451932669,80.0980700403365,0
32.71126403334071,82.65824184945754,26.938399122193175,10.445451810015138,1
24.58479486915301,64.56687775170451,77.24388828592399,57.68573811327003,0
20.021285419090997,62.975350933204325,23.784799311739988,46.398169816688736,1
21.550145091103317,24.6656428392483,76.60008672532825,11.870909550911147,1
33.68208349029538,56.28856153616429,79.63735057761657,98.05682270607235,0
13.833785077902006,30.511830057192917,59.82059640222341,21.469588746335543,1
24.65574580041993,71.62036381050399,78.68006122542754,6.723418009056115,0
22.64721697211165,55.85553445688721,49.86778456969726,59.48473795019096,0
25.286355885866193,67.61594454458474,28.167924822326324,73.88666771330327,1
10.452754595521013,22.9171030421669,40.589711996593465,3.2443446047186963,1
31.803097723603788,25.935441123206225,51.54926547651502,65.87176387270222,1
33.302957062090314,70.14263716438776,15.11570934189105,53.22918759514545,1
24.12832958973022,25.045903519907135,53.56402852320723,10.326500887504842,1
27.416270596922306,24.9879709435681,78.68244857336062,17.252387694636205,1
33.062484529432396,20.84759326644212,23.307535484860935,56.79742973160805,1
27.680965857834966,86.9550978809636,65.48165814018682,29.63576135132884,0
13.813476072856535,71.62558516213048,73.55291556457335,93.8315728651316,0
24.40720900417033,44.72759859514449,76.05911149741546,81.87402294840508,1
25.1678761595714,40.75749069013587,77.2094923083813,98.3567206513663,1
20.60326678255965,44.479226082209465,46.502174710503034,25.967083895041398,1
28.41110589061807,74.22574718268274,78.41155355940526,96.9723632797977,0
33.35917536922537,66.29594277492902,63.01171449941072,43.12338697915579,0
33.13921282266941,32.96368975072276,21.317000536587333,34.751879531375465,1
21.270984285103303,32.18765347338591,43.3830074527579,5.034952696935324,1
12.830951146018881,26.88769547993781,60.28318227604028,5.276525785960262,1
34.62102997405836,66.22119037909367,27.313822107335834,69.20112559466547,1
30.972452161148354,73.50608635552152,54.843062848422115,45.79289944340279,0
13.116567030081672,38.55324998275028,56.66203353326335,22.65216260361057,0
33.02104706543431,21.466147272163898,21.38898206659961,61.39703063252326,1
31.747409051553205,25.752016723349914,49.55597187169294,25.285811825011116,1
22.970951428151803,87.75020243915213,64.01388376850254,57.76317543444226,0
24.781885893623233,40.68113442341942,44.92269651751593,35.92087469826903,1
19.975067596753256,73.84562034866934,10.84721817432752,82.3552226611819,1
11.369040970550783,63.72644981979846,10.632692835550452,82.06961607667793,1
18.379931041147522,46.73577477570271,34.99205407790085,47.73503981224013,0
30.071336214950286,34.398108353688855,74.83358479022473,35.08191093350156,1
10.115800575115072,28.49704927115845,26.007374572252616,36.25597965590946,1
18.337479292278605,63.05090776272066,54.4054582210181,80.57145256682179,0
19.954217339773585,74.22436464464516,25.54531094853244,32.8179482797612,1
23.434890073448074,65.07329774787914,32.5168992761684,20.9059373706846,0
32.99639041031901,57.12114932744108,69.36294627210387,8.468834187530682,0
18.65864985914903,22.93658564021454,61.02030095889628,46.66931208844084,1
18.673830047405694,87.79421443160686,16.677949411924743,48.213209891984185,1
28.43753120274371,75.90999341582022,40.00914146905035,84.09087104029072,0
21.30544852224518,40.497542569067534,12.041883455168513,22.123869644606398,1
15.61512057349955,88.59792305511955,43.66231026221063,38.099127366839994,0
21.310987903317333,62.131711274542546,56.37038081907477,80.8405738893691,0
13.521425509494996,60.76958607450725,18.29518365187061,82.36236107489735,1
14.409674662655583,72.36512256006725,30.221945723641596,38.46110759787682,0
22.459194318486993,76.82388516630962,37.848563785150986,45.91240232866809,0
20.473136237613698,65.9535025132052,74.36717172592348,30.328589084928293,0
32.8711475267025,28.966702245634004,79.52785107960749,93.2554878419312,1
19.059847477915827,43.67872541961489,13.143790929693111,11.864376574158031,1
24.514708756951087,84.96585482282349,63.27055464467744,93.374942300147,1
25.80660719798826,35.723092829069635,36.02068464816402,68.38664518353433,1
10.32736141470834,46.051691668625935,37.472073036063605,53.15721526867312,0
26.588434300417767,50.24538180609372,62.798548134291586,3.2659060784495875,0
14.450899171743785,50.758349278611654,74.2898502501786,47.55961918220083,0
34.026757936736374,62.905770774616784,76.56500161517839,40.774810500273226,1
13.716568193827824,86.01530864212953,50.39858102268246,16.121881197512256,0
20.365603093175594,36.84848982827535,34.99848115103519,65.6409603500657,1
12.133741701966096,28.505096341064267,65.12843601011454,97.11509073682858,1
34.92185629614868,33.82293429019561,27.570096828361017,56.218881106452514,1
22.554875258281065,82.08474301464886,49.485182018346244,71.47532764439458,0
24.884625433001094,65.20675688586442,35.10049230674112,6.845045256601678,0
11.676911934710688,40.01347524674121,55.964175159551324,41.76669958169947,1
28.749011759979446,77.11628572780322,26.827923902545482,11.635848516449588,1
15.247639827389644,80.29589974544052,23.411506201437803,61.27958355365104,1
32.45135723601784,79.25600370831947,74.2767360672806,93.84821582141547,0
15.12849101205018,84.32485735476881,17.126257806467585,66.17777324716386,1
14.767193016591664,37.65687141213531,45.41705354144521,7.680304831442153,1
10.913741696202372,72.85293501223947,25.459694807410624,35.466620498508284,1
21.80167362774998,52.2377648091898,12.725097432796721,55.066337944085156,1
24.121028331565412,78.9398987023043,12.521317280399847,40.320775613325225,1
11.64271598570881,70.99434740131292,22.265524047407915,83.36440104751723,1
29.388190417375263,74.35132125498072,70.67392481542001,81.46710047099891,0
21.332220868700688,65.93132863767501,29.773512078391867,61.183102010322145,1
23.1097567331895,32.42001386287948,76.5321419402707,37.345794513270526,1
21.019068673455706,58.15188432278568,50.71356050924355,25.533637376324414,0
20.01907652188315,88.92688176671557,40.562993283813626,10.587431821312931,0
23.991008282705447,85.61716465479833,50.60621842686182,35.4897683486554,0
13.881006148267812,23.022161505790816,46.168886965838745,41.31725172077195,1
14.548203262381778,31.537037101060598,63.11433776301276,67.58229251040736,1
31.544640525337933,29.22101414181933,29.774724618099658,65.81598242975734,1
33.65288655334082,70.81859369897069,34.713527412021165,7.0108139641256955,0
19.332732906993826,77.24497308998616,72.58660117732755,39.525931543115775,0
16.768616828588844,34.94579564174703,76.25195592052839,18.177886721736193,1
26.099988580975396,55.40968850662803,72.4790759240532,15.68127053168057,0
20.21835427745241,78.849211960784,39.36135957701195,82.73021497372459,0
10.634658891508622,71.29610813363755,64.62558521048172,4.191521671625753,0
13.90381493415476,57.95660438442938,43.343501331076915,41.91828759021213,0
27.899305721184938,61.3243383321141,44.82778965022715,16.82036557665182,0
26.473098547753786,55.5852382841396,24.327607634009876,87.9330215678474,1
10.677399812587087,40.828391592317445,51.37912122809615,55.704051327503514,1
15.549304048323737,59.55153950013113,23.029512842734356,23.1380636376848,1
15.776869914701784,68.22197114350635,33.20952893470356,50.24272871663764,0
26.79731858996821,81.13260411025654,69.85211411339546,73.14863597031159,0
10.492763443859104,64.54039477854737,24.495306644759864,95.81180089194338,1
12.602714549614346,73.27850759302106,14.981079962140296,22.044600424541894,1
29.997902134329735,31.20501444682011,14.830531482897142,88.61817721293451,1
14.46361655135834,52.309023209385295,75.85491643521755,93.43041141674902,0
26.31865269629687,20.653213387896532,45.484430657328424,91.64205445320663,1
15.954569526168163,37.26752051651361,38.65884502719128,63.54143568619099,1
12.48603481898363,70.85232005791033,66.76150067055428,62.982065443470766,1
16.07930477498635,89.42669659445544,68.50781495373613,40.32106331838228,0
28.05667329639148,26.942466971105112,33.25337231809232,75.23978823037879,1
31.392411702657142,48.10460211029017,58.55326402316567,53.12940183509319,0
30.75549661417479,76.00496780894116,63.97859710963206,67.74380712282945,0
19.92958824046137,34.28249442402292,55.82554808061681,42.84579038487954,1
26.702128414266156,58.85594645116004,20.611655236006957,73.14964640431391,1
15.124607385395525,71.31499072207723,71.311815846194,82.4471517604549,0
17.328693256525334,63.118981518212536,47.73661869152061,14.64362566028161,0
32.40839546302799,33.16173142307913,29.77306984590026,83.2929715574228,1
10.325048087768401,44.87691980800176,39.76597298063857,54.029653179030724,1
12.1377132713617,74.8654249139778,12.629976327923517,84.46659090902243,1
15.197156378650682,58.79585598924116,18.950676085569228,43.13017063410146,0
10.663305096845493,20.366072948003893,63.58827253611026,37.904048538303506,1
14.535885877244933,73.26935320196657,10.00081443287563,91.50607325172224,1
24.576039024242306,22.471794845816735,39.15960799376045,25.11692675484013,1
20.53561376481245,72.20136479118625,46.57571267599119,84.42123252861431,0
32.31679277692437,34.173639211566616,13.82440940006806,48.40205725094041,1
30.436089043461024,87.06514360835662,78.1154714080633,51.40954425512597,0
18.5454337924469,45.75585259114591,25.828773187477033,30.8468281489484,1
16.485585835782313,42.88521314366554,31.29391037453966,57.30422006190157,1
19.49231020418167,30.422163523271127,31.275975857851915,32.52111962762113,1
24.757373562870193,41.39229508431504,26.129166348214493,3.926941424165231,1
16.701591020571907,81.36555332797404,10.1031675460418,27.199860534435604,1
25.603722696228353,89.7434036339073,61.054135586159745,0.6379043406590679,0
20.23529130478101,45.78166713547938,77.67918498594997,97.83547870568566,0
23.801179521299506,51.40274416681798,25.700543829953155,96.57472098197475,1
20.903163228382915,70.54496567419159,56.41330342623957,39.5155297472305,0
17.361643988547943,82.03370463255521,61.93274288711006,72.8370854339646,0
33.71133267405392,61.51310339307489,69.38977653633674,34.580609841042495,0
29.09014485399402,47.40679887244805,39.584043790952634,67.1093157085976,0
13.502829394161314,48.88352885940366,31.205163394830045,80.54300430459791,0
31.71169939744782,68.69327025477648,32.77065938161218,94.67562446922408,0
22.18577995623784,20.22527845229951,59.8834933168959,40.0212275849672,1
32.363805672352285,63.371253622188846,67.17456265539452,78.32979829560477,0
29.996381398682882,44.884510730895016,22.712977742962188,26.59284506321188,1
20.630337611730837,75.59381318939589,35.96587057104357,99.03323037936484,1
10.561732708002936,26.509344787619252,73.1358137724405,2.5769598764351143,1
16.71693398462365,61.17415868638734,66.46854637863174,60.3528806501121,0
23.540855366521672,53.668102292028664,78.94008819337331,65.95059816513272,0
25.836955495653683,64.96278681336591,62.79737817774566,68.80455570741289,0
16.447192135830058,24.539751613807784,37.523664071954556,12.038757878908902,1
13.483901851820603,60.59886511996919,51.344648379624644,93.85297834731304,0
30.873255919982476,59.30392115716666,56.27099779731242,18.11832790500828,0
34.61005451758881,59.24620660913197,15.491907142198677,62.27534032398411,1
23.142254557567146,62.24413666175184,48.114787137270554,22.267607912308495,0
14.291982146207587,67.35275560584535,59.65245799308267,30.72164170212709,0
16.807683162984226,76.34922997765389,21.712491280074225,54.645854172812435,1
10.459766913686668,38.887450408975,64.64422021978899,41.719341856457646,1
32.857470164012476,77.75345871260434,50.86409463598781,16.02256009765063,0
12.943777072253528,54.877897758441755,76.65552499883162,17.093640242084827,0
24.41291188785634,25.39407953940318,12.969560874482418,41.814478816279966,1
16.85138051718015,24.098565047078544,28.572829628882687,75.72829782755008,1
23.854450062894834,43.39668230872425,52.10877155098768,89.79646468477885,1
26.285509708796607,74.94278839780273,30.759193854415148,8.412766225938284,0
30.74354509268004,69.5376654318641,60.00969148498695,39.310390755940105,0
15.16053179401508,75.20304752706845,63.13036977653517,10.024556372287662,0
10.274895716462012,56.208833950912656,17.17611748465321,1.6592480632597884,1
13.422140751720182,50.81392985688434,45.96981249447374,66.17186826439566,0
32.50046604620263,30.321676869439877,45.622338891373914,60.24494419665878,1
31.847251939062883,42.97349275265181,35.84965391508787,16.301911381488623,1
24.935327554257707,50.381355632171264,75.30474037987705,23.38128330930641,0
25.012921510841334,26.202030077573205,67.92544239112549,2.370775364451838,1
26.625916863656386,35.442836689784784,58.80465673367458,83.49472056944037,1
14.38428196558624,61.87577058446172,60.00286450144983,97.46905960485515,0
32.860298648123994,71.49641799674329,42.32013006691834,13.545953679469081,0
20.469263122301825,89.88432579750648,74.46961647676031,23.147521376529813,0
19.578463206237437,85.31793319404903,58.62167990772998,86.8409523946934,0
22.97294263207094,64.9795639674634,61.02867431590715,92.64637979561849,0
11.174149169376376,49.487363730585045,70.31836326511416,41.96273828068103,0
14.157084218901986,64.5324155295763,29.18501125395337,5.062247226907413,1
28.45084041065926,74.99561326561624,66.49496327066922,3.93918336928194,0
12.069966698128162,28.283533364637112,23.666842206954442,57.39498660690104,1
25.078802736659703,48.693342278740175,34.17393665714215,39.2895108893179,0
16.133727742033024,78.7861599944932,33.49273179888899,2.8652427577654516,0
19.732390351049414,46.868306635313076,78.49678278723984,58.32523923125568,0
17.217343419267497,60.03105898590306,69.95760566235488,1.1302536589022472,0
18.89181791162373,61.143855260353874,59.08189031131818,78.73719581492729,0
27.97614762960614,32.91333771935476,60.89397331307731,30.643282270337156,1
17.428042890579377,45.356480915660185,49.345095608179975,4.02580030092321,0
24.16011600742243,43.415790211935246,76.29634669759633,58.835222098315334,1
21.90126005497749,21.833769597244537,44.73811270176531,39.76844144330547,1
26.591779134066204,21.693423472394866,36.636239690892616,97.38004133571495,1
33.420743483118954,78.21879305730414,21.41247358521137,54.41986625037022,1
28.31430243025626,39.11495669809687,65.03439565827406,27.52391810370083,1
15.373509464768919,56.26551363671708,61.4110752452914,70.94388646339748,0
10.779578376532116,40.910790151214115,36.904852696689446,27.149200254271133,1
16.556601107495627,85.84754715807384,11.763538977146055,90.42432914075651,1
24.87694826750637,38.150773120604164,68.72981294026076,37.47219705073764,1
11.285645337106258,50.07597689172546,10.799258841785154,54.98685627762052,1
22.40915618003091,81.09111753392213,59.25898457403357,5.0573103824228856,1
24.92107122292223,78.93534967542661,77.91799768082399,42.61212379522308,1
18.356097270424023,33.02709924923941,40.63629297037424,83.2363539660995,1
29.272805093645548,76.18503168569973,26.448138349716693,80.56488053633419,1
12.664956328344296,52.073082071652486,59.34097070303672,22.431855885352626,0
11.878444543395219,53.80782104597486,67.19896994109095,22.60790710105627,0
28.204718905090083,29.343598069116062,48.25012212544931,81.73053122132367,1
22.38728290515496,25.642105962998727,77.69246926793024,93.03984201693255,1
27.210059910693403,70.95575148816357,13.616810516057278,9.536092127300355,1
20.870683465093656,54.75228066487098,45.33569188131697,45.005863942622526,0
16.16005083097767,50.57954918306257,60.291776312578506,33.745427896422896,0
30.477557941854993,71.06557600566777,70.38483298044252,87.06884554574394,0
29.985396974224482,73.58590292937768,22.547892833545305,8.352491468001876,1
27.36741177136067,31.12357173685475,66.0002437234577,21.112594255803742,1
16.803628430749068,62.71576046343489,48.68949530029817,75.24683375864943,0
24.755766671727176,29.474785759437985,37.75875773929742,5.129384898121558,1
19.02434742350067,72.5962560220332,19.220052000536548,49.25353807142893,1
12.289551833165854,65.98686093869976,70.57070312362387,44.210703467972,0
32.93283938655607,86.96302347584206,21.009124572580074,33.44011789887487,1
13.420465772974035,24.827061144949482,31.685150144636946,39.457231531892376,1
33.75593384552006,23.993830480587803,30.30318723737058,52.99405869302329,1
21.150144323948894,39.75309522852401,70.9989823933598,16.136735838838312,1
